{"cameraMode":{"drawMode":0,"name":"Shaded","section":"Shading Mode"},"sceneLighting":false,"audioPlay":false,"sceneViewState":{"m_AlwaysRefresh":false,"showFog":true,"showSkybox":false,"showFlares":true,"showImageEffects":true,"showParticleSystems":true,"showVisualEffectGraphs":true,"m_FxEnabled":true},"in2DMode":false,"pivot":{"x":-0.23793363571166993,"y":-123.06749725341797,"z":9.046419143676758},"rotation":{"x":0.23710864782333375,"y":-0.008743276819586754,"z":0.002133992500603199,"w":0.9714424014091492},"size":0.8660253882408142,"orthographic":true}